{
  "True_Baseline": {
    "train_loss": [
      1.9911235927581787,
      1.4125971749941508,
      0.9097991684754689,
      0.6728240173657735,
      0.560269295668602,
      0.4895407744685809,
      0.44845244160493214,
      0.4101968266963959,
      0.3791258786400159,
      0.354006713116169
    ],
    "train_acc": [
      24.676666666666666,
      48.80833333333333,
      68.85666666666667,
      77.22166666666666,
      81.07166666666667,
      83.58833333333334,
      84.905,
      86.12333333333333,
      87.20833333333333,
      88.105
    ],
    "test_loss": [
      1.6703263246975006,
      1.0513982499559846,
      0.7802065564230227,
      0.5566421563442523,
      0.5336775206291257,
      0.4747858190188964,
      0.4695030912614097,
      0.43154261399286625,
      0.3916704247321803,
      0.38417206537990145
    ],
    "test_acc": [
      38.99,
      63.81,
      73.37,
      81.58,
      82.41,
      84.67,
      84.44,
      85.83,
      87.08,
      87.55
    ],
    "epochs": [
      1,
      2,
      3,
      4,
      5,
      6,
      7,
      8,
      9,
      10
    ],
    "training_time": [
      53.1179358959198,
      52.62901258468628,
      52.574296712875366,
      52.45716333389282,
      52.36057209968567,
      52.67075824737549,
      52.277307748794556,
      52.5109965801239,
      52.46348977088928,
      52.32361316680908
    ]
  },
  "TimeDiff_Fourier_LSTM": {
    "train_loss": [
      1.4115352282683054,
      0.5788106259346009,
      0.3368820920586586,
      0.20973150185346603,
      0.14554302008971573,
      0.11354792762535314,
      0.09446934887679914,
      0.07968166070667405,
      0.0691241774668917,
      0.06157615390404438
    ],
    "train_acc": [
      46.27166666666667,
      79.26,
      89.13,
      93.575,
      95.7,
      96.61833333333334,
      97.25833333333334,
      97.615,
      97.92,
      98.17333333333333
    ],
    "test_loss": [
      0.7037872433091124,
      0.4342934673015302,
      0.24327626259336932,
      0.14479526807033358,
      0.10027578942471752,
      0.11005239384345555,
      0.08609045396436946,
      0.07810370377343023,
      0.0842995796774398,
      0.06982246313823205
    ],
    "test_acc": [
      73.86,
      85.2,
      91.6,
      95.49,
      96.83,
      96.56,
      97.55,
      97.65,
      97.51,
      97.93
    ],
    "epochs": [
      1,
      2,
      3,
      4,
      5,
      6,
      7,
      8,
      9,
      10
    ],
    "training_time": [
      61.05085492134094,
      60.496583700180054,
      60.531147718429565,
      60.7554497718811,
      60.3187952041626,
      60.48578858375549,
      60.31421136856079,
      60.597245931625366,
      60.55516219139099,
      60.78982877731323
    ]
  },
  "SinCos_LSTM": {
    "train_loss": [
      1.4827337375005085,
      0.6791900066137314,
      0.4551990192373594,
      0.35911431904037794,
      0.3058884628732999,
      0.265444054693977,
      0.2374790527909994,
      0.2171051198989153,
      0.19511356358031431,
      0.17746656821121773
    ],
    "train_acc": [
      44.086666666666666,
      76.39833333333333,
      84.34,
      87.74833333333333,
      89.57833333333333,
      90.92333333333333,
      92.06833333333333,
      92.67333333333333,
      93.335,
      94.055
    ],
    "test_loss": [
      0.9606403681797723,
      0.5064484928600704,
      0.4066229901803187,
      0.3325219094967499,
      0.27593228978494677,
      0.23269287044533526,
      0.22872763778568028,
      0.2298475627760632,
      0.19975595989044362,
      0.21220911784839933
    ],
    "test_acc": [
      65.74,
      81.88,
      86.01,
      88.62,
      90.44,
      92.14,
      92.28,
      92.23,
      93.14,
      93.14
    ],
    "epochs": [
      1,
      2,
      3,
      4,
      5,
      6,
      7,
      8,
      9,
      10
    ],
    "training_time": [
      59.31011080741882,
      59.1301326751709,
      58.97292351722717,
      58.87213158607483,
      58.9025297164917,
      58.77755355834961,
      59.21024560928345,
      59.28236365318298,
      59.023807764053345,
      59.249237060546875
    ]
  },
  "LETE_LSTM": {
    "train_loss": [
      1.5289042163530986,
      0.6721516131003697,
      0.48087676828106246,
      0.38472457918922104,
      0.3310272784133752,
      0.29126437270641325,
      0.2590997331649065,
      0.23296666148627798,
      0.21043384960194428,
      0.18368282335648933
    ],
    "train_acc": [
      39.33833333333333,
      76.04,
      83.50166666666667,
      86.82,
      88.60833333333333,
      90.17833333333333,
      90.98666666666666,
      92.09333333333333,
      92.91,
      93.89666666666666
    ],
    "test_loss": [
      0.7827687300622653,
      0.4841322526335716,
      0.5106447331440715,
      0.3338530260962419,
      0.2818621136129093,
      0.2705883057817769,
      0.25450059345450265,
      0.23781987908816996,
      0.19848392571295842,
      0.1728031559990118
    ],
    "test_acc": [
      72.02,
      82.93,
      83.03,
      88.44,
      90.42,
      90.64,
      91.25,
      92.16,
      93.38,
      94.44
    ],
    "epochs": [
      1,
      2,
      3,
      4,
      5,
      6,
      7,
      8,
      9,
      10
    ],
    "training_time": [
      71.00809097290039,
      70.51556324958801,
      70.69419693946838,
      74.5714156627655,
      73.79452967643738,
      70.62771606445312,
      70.09324669837952,
      74.23217034339905,
      70.473797082901,
      70.50972747802734
    ]
  },
  "KAN_MAMMOTE_LSTM": {
    "train_loss": [
      1.4486684720675151,
      0.56440314904054,
      0.29544304958383244,
      0.20586793199727932,
      0.16362137905110916,
      0.14400158955827355,
      0.12560300810399155,
      0.11297570382629832,
      0.10594578505624086,
      0.097031443652759
    ],
    "train_acc": [
      46.285,
      80.28333333333333,
      90.455,
      93.545,
      94.89166666666667,
      95.57833333333333,
      96.04833333333333,
      96.55833333333334,
      96.77166666666666,
      96.98166666666667
    ],
    "test_loss": [
      0.8835145921562426,
      0.386655914153868,
      0.21388006677327398,
      0.17148415506787645,
      0.17035540085384093,
      0.15558978978071375,
      0.11833836416975735,
      0.12550692462448637,
      0.10981790351044661,
      0.10531934210361121
    ],
    "test_acc": [
      67.9,
      87.17,
      93.31,
      94.37,
      94.87,
      95.1,
      96.27,
      96.02,
      96.76,
      96.78
    ],
    "epochs": [
      1,
      2,
      3,
      4,
      5,
      6,
      7,
      8,
      9,
      10
    ],
    "training_time": [
      104.78450393676758,
      106.17112684249878,
      105.65701270103455,
      104.00659537315369,
      104.98245096206665,
      104.28071212768555,
      105.46930885314941,
      105.03329563140869,
      107.86186742782593,
      105.05539321899414
    ]
  }
}