{
  "True_Baseline": {
    "train_loss": [
      1.9943229728062948
    ],
    "train_acc": [
      25.256666666666668
    ],
    "test_loss": [
      1.637234850051685
    ],
    "test_acc": [
      41.45
    ],
    "epochs": [
      1
    ],
    "training_time": [
      69.24947905540466
    ]
  },
  "TimeDiff_Fourier_LSTM": {
    "train_loss": [
      1.4940863565444946
    ],
    "train_acc": [
      42.651666666666664
    ],
    "test_loss": [
      1.3861434703436903
    ],
    "test_acc": [
      43.16
    ],
    "epochs": [
      1
    ],
    "training_time": [
      83.34508323669434
    ]
  },
  "SinCos_LSTM": {
    "train_loss": [
      1.4096569525400797
    ],
    "train_acc": [
      48.35333333333333
    ],
    "test_loss": [
      0.9260620765221386
    ],
    "test_acc": [
      68.62
    ],
    "epochs": [
      1
    ],
    "training_time": [
      86.86469650268555
    ]
  },
  "LETE_LSTM": {
    "train_loss": [
      1.4743357192834219
    ],
    "train_acc": [
      44.885
    ],
    "test_loss": [
      0.927843314390213
    ],
    "test_acc": [
      68.09
    ],
    "epochs": [
      1
    ],
    "training_time": [
      132.72000813484192
    ]
  },
  "KAN_MAMMOTE_LSTM": {
    "train_loss": [
      1.5105516880194345
    ],
    "train_acc": [
      40.498333333333335
    ],
    "test_loss": [
      0.863428357881479
    ],
    "test_acc": [
      67.86
    ],
    "epochs": [
      1
    ],
    "training_time": [
      239.84942770004272
    ]
  }
}